mV;time
0;0
1523;2
1534;4
1540;7
1533;9
1527;11
1517;13
1508;16
1502;18
1492;20
1489;23
1501;25
1512;27
1524;30
1528;32
1523;34
1515;36
1501;39
1492;41
1495;44
1504;47
1513;49
1523;51
1523;54
1513;56
1498;58
1488;61
1493;63
1508;65
1519;67
1526;70
1537;72
1539;74
1524;77
1508;79
1494;81
1498;84
1503;87
1507;89
1511;91
1518;94
1524;96
1529;98
1518;101
1512;103
1516;105
1519;108
1527;110
1538;112
1530;115
1514;117
1506;120
1505;122
1510;124
1513;128
1518;130
1522;132
1522;135
1520;137
1517;139
1508;142
1509;144
1513;146
1518;149
1528;151
1519;153
1510;156
1507;158
1504;161
1504;163
1509;165
1508;168
1507;171
1503;173
1495;176
1494;178
1494;180
1499;183
1510;185
1523;187
1533;190
1534;192
1529;195
1527;197
1523;199
1510;202
1506;204
1506;206
1508;209
1516;211
1517;214
1508;217
1501;219
1489;221
1487;224
1494;226
1510;228
1528;231
1530;233
1514;236
1495;238
1492;240
1501;243
1514;245
1519;247
1523;250
1534;252
1545;254
1546;258
1530;260
1509;262
1509;265
1523;267
1525;269
1517;272
1502;274
1486;277
1476;279
1475;281
1491;284
1511;286
1522;288
1525;291
1517;293
1506;295
1496;299
1497;301
1506;303
1512;306
1517;308
1533;311
1546;313
1535;315
1511;318
1494;320
1486;322
1505;325
1525;327
1534;329
1532;332
1521;334
1507;336
1499;339
1500;342
1513;344
1531;347
1539;349
1536;352
1521;354
1504;356
1494;359
1483;361
1484;363
1497;366
1504;368
1507;370
1509;373
1515;375
1515;377
1505;380
1501;382
1504;385
1508;388
1509;390
1507;393
1501;395
1491;397
1483;400
1495;402
1532;404
1553;407
1551;409
1536;411
1521;414
1512;416
1506;418
1504;421
1507;423
1510;427
1508;429
1510;431
1512;434
1508;436
1506;438
1500;441
1499;443
1503;445
1506;448
1513;450
1516;452
1517;455
1512;457
1505;459
1501;462
1510;464
1520;467
1524;470
1521;472
1506;475
1494;477
1493;479
1499;482
1504;484
1511;486
1511;489
1508;491
1500;493
1493;496
1497;498
1502;501
1506;503
1510;505
1517;508
1532;510
1534;513
1524;516
1517;518
1512;520
1501;523
1500;525
1502;527
1504;530
1505;532
1503;534
1495;537
1486;539
1482;542
1497;544
1512;546
1526;549
1534;551
1526;553
1508;557
1499;559
1500;561
1521;564
1537;566
1535;568
1532;571
1526;573
1514;575
1498;578
1489;580
1489;583
1501;585
1512;587
1519;590
1524;592
1526;594
1521;598
1511;600
1504;602
1513;605
1522;607
1528;609
1534;612
1531;614
1528;617
1525;619
1518;621
1513;624
1519;626
1525;628
1528;631
1528;633
1523;635
1521;638
1516;641
1513;643
1515;646
1518;648
1521;650
1526;653
1536;655
1535;658
1525;660
1512;662
1512;665
1520;667
1528;669
1530;672
1523;674
1516;676
1512;679
1506;681
1507;684
1517;687
1525;689
1529;692
1525;694
1517;696
1508;699
1498;701
1504;703
1527;706
1533;708
1535;710
1531;713
1521;715
1513;717
1509;720
1503;722
1507;724
1513;728
1524;730
1531;733
1528;735
1515;737
1509;740
1507;742
1517;744
1523;747
1526;749
1527;751
1516;754
1503;756
1495;758
1491;761
1488;763
1493;766
1505;769
1521;771
1525;774
1516;776
1515;778
1507;781
1503;783
1504;785
1504;788
1504;790
1505;792
1500;795
1494;797
1486;799
1479;802
1480;804
1488;807
1502;809
1512;812
1508;815
1491;817
1483;819
1485;822
1501;824
1518;826
1518;829
1512;831
1505;833
1496;836
1481;838
1481;841
1488;843
1494;845
1489;848
1495;850
1502;852
1502;856
1492;858
1482;860
1472;863
1480;865
1488;867
1494;870
1506;872
1512;874
1505;877
1489;879
1479;882
1490;884
1503;886
1513;889
1516;891
1513;893
1498;897
1493;899
1490;901
1492;904
1493;906
1490;908
1489;911
1487;913
1481;915
1475;918
1471;920
1471;923
1478;925
1486;927
1499;930
1510;932
1505;934
1497;937
1493;940
1497;942
1520;945
1531;947
1532;949
1514;952
1498;954
1490;957
1482;959
1474;961
1472;964
1482;966
1488;968
1490;971
1486;973
1481;975
1492;978
1514;980
1518;983
1512;986
1503;988
1495;990
1489;993
1481;995
1476;998
1480;1000
1487;1002
1498;1005
1498;1007
1500;1009
1502;1012
1506;1014
1496;1017
1487;1019
1480;1022
1487;1025
1502;1027
1514;1030
1519;1032
1508;1035
1501;1037
1512;1039
1517;1042
1516;1044
1510;1047
1504;1049
1502;1051
1500;1054
1493;1056
1485;1059
1481;1061
1492;1063
1504;1067
1503;1069
1500;1072
1496;1074
1491;1076
1490;1079
1496;1081
1507;1084
1513;1086
1513;1088
1513;1091
1523;1093
1519;1096
1504;1098
1495;1100
1498;1103
1506;1105
1510;1108
1511;1111
1522;1114
1529;1116
1521;1118
1498;1121
1486;1123
1499;1126
1512;1128
1521;1130
1519;1133
1507;1135
1499;1138
1495;1140
1505;1142
1525;1145
1528;1147
1521;1150
1519;1153
1514;1155
1499;1158
1487;1160
1482;1163
1490;1165
1503;1167
1511;1170
1512;1172
1510;1175
1508;1177
1511;1179
1524;1182
1536;1184
1537;1187
1527;1189
1526;1192
1524;1195
1514;1197
1505;1200
1497;1202
1503;1205
1527;1207
1542;1209
1539;1212
1522;1214
1505;1217
1494;1219
1494;1221
1504;1224
1517;1226
1518;1229
1517;1231
1515;1233
1504;1236
1492;1239
1484;1242
1497;1244
1510;1246
1517;1249
1523;1251
1527;1254
1522;1256
1514;1258
1511;1261
1514;1263
1522;1266
1522;1268
1526;1270
1522;1273
1510;1275
1494;1278
1491;1281
1498;1284
1512;1286
1516;1288
1514;1291
1522;1293
1528;1296
1519;1298
1501;1300
1491;1303
1497;1305
1503;1308
1507;1310
1508;1312
1500;1315
1493;1317
1492;1320
1494;1323
1508;1325
1520;1328
1526;1330
1531;1333
1526;1335
1510;1337
1496;1340
1496;1342
1508;1345
1520;1347
1522;1349
1517;1352
1502;1354
1491;1357
1483;1359
1484;1361
1497;1364
1510;1367
1516;1370
1523;1372
1535;1375
1530;1377
1516;1379
1492;1382
1482;1384
1491;1387
1502;1389
1510;1391
1508;1394
1508;1396
1504;1399
1491;1401
1485;1403
1489;1406
1496;1409
1505;1412
1511;1414
1507;1416
1497;1419
1495;1421
1503;1424
1519;1426
1530;1428
1543;1431
1543;1433
1522;1436
1501;1438
1489;1440
1497;1443
1508;1445
1508;1448
1503;1451
1500;1453
1500;1456
1505;1458
1502;1461
1492;1463
1496;1466
1515;1468
1527;1470
1530;1473
1509;1475
1487;1478
1478;1480
1475;1482
1485;1485
1490;1487
1497;1490
1507;1492
1511;1495
1502;1498
1488;1500
1481;1503
1488;1505
1496;1507
1500;1510
1514;1512
1525;1515
1531;1517
1521;1519
1507;1522
1508;1524
1514;1527
1510;1529
1509;1531
1513;1534
1504;1537
1490;1540
1472;1542
1476;1545
1493;1547
1499;1549
1500;1552
1511;1554
1519;1557
1510;1559
1496;1561
1494;1564
1504;1566
1503;1569
1500;1571
1498;1573
1489;1576
1476;1579
1468;1582
1470;1584
1485;1586
1515;1589
1530;1591
1523;1594
1512;1596
1511;1598
1511;1601
1506;1603
1501;1606
1498;1608
1497;1610
1495;1613
1498;1615
1498;1618
1492;1620
1488;1623
1492;1626
1501;1628
1503;1631
1499;1633
1491;1636
1485;1638
1481;1640
1487;1643
1500;1645
1502;1648
1496;1650
1494;1652
1490;1655
1487;1657
1486;1660
1487;1662
1504;1665
1516;1668
1518;1670
1510;1673
1505;1675
1503;1677
1496;1680
1479;1682
1477;1685
1485;1687
1491;1689
1496;1692
1498;1694
1496;1697
1485;1699
1474;1701
1476;1704
1503;1707
1523;1710
1526;1712
1513;1714
1505;1717
1500;1719
1481;1722
1479;1724
1495;1726
1508;1729
1508;1731
1494;1734
1478;1736
1469;1739
1464;1741
1468;1743
1486;1746
1497;1748
1513;1752
1527;1754
1528;1756
1518;1759
1500;1761
1489;1764
1490;1766
1490;1768
1489;1771
1486;1773
1482;1776
1494;1778
1498;1780
1491;1783
1485;1785
1492;1788
1504;1790
1520;1793
1522;1796
1506;1798
1487;1801
1483;1803
1493;1805
1501;1808
1510;1810
1510;1813
1498;1815
1484;1817
1479;1820
1478;1822
1489;1825
1500;1827
1503;1830
1509;1832
1508;1835
1504;1838
1494;1840
1482;1843
1484;1845
1500;1847
1517;1850
1522;1852
1511;1855
1490;1857
1484;1859
1480;1862
1479;1864
1489;1867
1495;1869
1499;1871
1497;1874
1490;1876
1478;1880
1474;1882
1494;1884
1515;1887
1517;1889
1509;1892
1505;1894
1494;1896
1485;1899
1471;1901
1469;1904
1483;1906
1496;1908
1517;1911
1527;1913
1513;1916
1489;1918
1473;1922
1473;1924
1483;1926
1491;1929
1503;1931
1521;1934
1517;1936
1498;1938
1476;1941
1471;1943
1479;1946
1487;1948
1491;1950
1502;1953
1503;1955
1499;1958
1492;1960
1487;1963
1498;1966
1510;1968
1521;1971
1513;1973
1501;1975
1493;1978
1483;1980
1474;1983
1489;1985
1514;1987
1523;1990
1516;1992
1500;1995
1487;1997
1479;1999
1476;2002
1484;2004
1492;2008
1492;2010
1501;2013
1503;2015
1494;2017
1491;2020
1488;2022
1499;2025
1506;2027
1510;2029
1516;2032
1518;2034
1520;2037
1521;2039
1501;2041
1490;2044
1488;2046
1490;2050
1491;2052
1487;2054
1487;2057
1489;2059
1493;2062
1497;2064
1500;2066
1494;2069
1492;2071
1506;2074
1508;2076
1500;2078
1479;2081
1470;2083
1478;2086
1488;2088
1499;2091
1502;2094
1493;2096
1486;2099
1491;2101
1496;2103
1501;2106
1502;2108
1500;2111
1496;2113
1498;2116
1503;2118
1499;2120
1485;2123
1489;2125
1502;2128
1516;2130
1524;2132
1518;2136
1504;2138
1494;2141
1487;2143
1489;2145
1496;2148
1506;2150
1511;2153
1499;2155
1484;2157
1476;2160
1473;2162
1482;2165
1493;2167
1504;2169
1527;2172
1540;2174
1528;2178
1507;2180
1493;2182
1497;2185
1512;2187
1521;2190
1521;2192
1514;2195
1495;2197
1483;2199
1472;2202
1473;2204
1483;2207
1489;2209
1496;2211
1499;2214
1509;2216
1523;2220
1521;2222
1510;2224
1508;2227
1507;2229
1507;2232
1506;2234
1502;2236
1493;2239
1483;2241
1478;2244
1492;2246
1508;2248
1517;2251
1512;2253
1501;2256
1490;2258
1483;2260
1484;2264
1497;2266
1516;2269
1539;2271
1540;2273
1521;2276
1500;2278
1486;2281
1483;2283
1488;2286
1493;2288
1492;2290
1492;2293
1487;2295
1489;2298
1491;2300
1492;2302
1494;2306
1509;2308
1533;2311
1541;2313
1519;2315
1494;2318
1486;2320
1484;2323
1489;2325
1495;2327
1495;2330
1499;2332
1509;2335
1502;2337
1487;2339
1476;2342
1484;2344
1509;2348
1522;2350
1521;2352
1503;2355
1482;2357
1469;2360
1463;2362
1485;2365
1515;2367
1522;2369
1517;2372
1512;2374
1509;2377
1500;2379
1491;2381
1486;2384
1488;2386
1486;2390
1491;2392
1500;2394
1498;2397
1488;2399
1475;2402
1476;2404
1491;2406
1500;2409
1502;2411
1504;2414
1503;2416
1505;2418
1500;2421
1488;2423
1490;2426
1494;2428
1495;2430
1493;2434
1490;2436
1489;2439
1490;2441
1497;2444
1506;2446
1507;2448
1503;2451
1505;2453
1510;2456
1510;2458
1501;2460
1492;2463
1494;2465
1501;2468
1502;2470
1502;2472
1496;2476
1493;2478
1495;2481
1498;2483
1504;2485
1504;2488
1500;2490
1497;2493
1493;2495
1494;2497
1493;2500
1485;2502
1488;2505
1495;2507
1500;2509
1510;2512
1509;2514
1496;2518
1493;2520
1504;2523
1523;2525
1531;2527
1524;2530
1521;2532
1513;2535
1500;2537
1488;2539
1479;2542
1484;2544
1508;2547
1536;2549
1552;2551
1543;2554
1520;2556
1498;2560
1485;2562
1483;2564
1491;2567
1496;2569
1500;2572
1501;2574
1497;2576
1489;2579
1477;2581
1475;2584
1491;2586
1502;2588
1506;2591
1509;2593
1506;2596
1501;2598
1491;2600
1491;2604
1502;2606
1512;2609
1518;2611
1523;2613
1515;2616
1502;2618
1489;2621
1488;2623
1508;2625
1537;2628
1567;2630
1575;2633
1563;2635
1538;2638
1512;2640
1485;2642
1479;2646
1483;2648
1491;2651
1544;2653
1601;2655
1600;2658
1561;2660
1535;2663
1535;2665
1535;2667
1525;2670
1526;2672
1523;2675
1505;2677
1487;2679
1483;2682
1487;2684
1494;2688
1497;2690
1499;2692
1493;2695
1490;2697
1497;2700
1490;2702
1478;2704
1476;2707
1479;2709
1485;2712
1497;2714
1495;2716
1478;2719
1469;2721
1485;2724
1510;2726
1521;2729
1514;2732
1503;2734
1496;2737
1485;2739
1468;2742
1464;2744
1483;2746
1499;2749
1503;2751
1497;2754
1486;2756
1470;2758
1472;2761
1482;2763
1501;2766
1506;2768
1517;2770
1522;2774
1509;2776
1495;2779
1483;2781
1475;2783
1474;2786
1487;2788
1506;2791
1544;2793
1550;2795
1516;2798
1480;2800
1464;2803
1468;2805
1480;2807
1485;2810
1481;2812
1469;2816
1458;2818
1454;2821
1453;2823
1458;2825
1477;2828
1505;2830
1520;2833
1503;2835
1485;2837
1476;2840
1471;2842
1471;2845
1476;2847
1504;2849
1539;2852
1560;2854
1537;2857
1514;2860
1500;2862
1490;2865
1481;2867
1473;2870
1467;2872
1465;2874
1465;2877
1462;2879
1449;2882
1440;2884
1448;2886
1459;2889
1466;2891
1466;2894
1452;2896
1444;2898
1458;2902
1482;2904
1493;2907
1478;2909
1469;2912
1484;2914
1488;2916
1492;2919
1480;2921
1463;2924
1453;2926
1454;2928
1458;2931
1470;2933
1482;2936
1479;2938
1456;2940
1435;2944
1433;2946
1440;2949
1447;2951
1449;2953
1443;2956
1439;2958
1433;2961
1430;2963
1449;2965
1466;2968
1466;2970
1464;2973
1471;2975
1480;2977
1482;2980
1464;2982
1453;2985
1453;2988
1464;2990
1468;2993
1453;2995
1434;2998
1426;3000
1430;3003
1442;3005
1457;3007
1451;3010
1443;3012
1437;3015
1433;3017
1429;3019
1432;3022
1443;3024
1453;3027
1451;3030
1450;3032
1451;3035
1449;3037
1442;3040
1433;3042
1440;3044
1450;3047
1467;3049
1479;3052
1473;3054
1450;3056
1435;3059
1433;3061
1459;3064
1483;3066
1477;3068
1463;3072
1456;3074
1449;3077
1447;3079
1453;3082
1466;3084
1474;3086
1470;3089
1471;3091
1476;3094
1472;3096
1462;3098
1461;3101
1463;3103
1470;3106
1476;3108
1504;3110
1515;3113
1497;3116
1475;3119
1457;3121
1450;3123
1462;3126
1477;3128
1486;3131
1495;3133
1495;3135
1483;3138
1471;3140
1467;3143
1480;3145
1518;3147
1541;3150
1535;3152
1505;3155
1482;3158
1474;3161
1469;3163
1471;3165
1487;3168
1496;3170
1500;3173
1497;3175
1489;3177
1477;3180
1466;3182
1473;3185
1497;3187
1522;3189
1537;3192
1532;3194
1514;3197
1495;3200
1483;3202
1480;3205
1493;3207
1513;3210
1531;3212
1523;3214
1497;3217
1481;3219
1479;3222
1482;3224
1493;3226
1514;3229
1524;3231
1523;3234
1510;3236
1500;3239
1496;3241
1501;3244
1521;3247
1529;3249
1527;3252
1518;3254
1511;3256
1499;3259
1486;3261
1492;3264
1515;3266
1534;3268
1534;3271
1524;3273
1504;3276
1490;3278
1481;3280
1478;3283
1502;3286
1528;3289
1533;3291
1525;3293
1516;3296
1508;3298
1499;3301
1489;3303
1513;3305
1538;3308
1535;3310
1521;3313
1508;3315
1497;3317
1494;3320
1497;3322
1508;3325
1512;3328
1508;3331
1508;3333
1502;3335
1497;3338
1498;3340
1502;3343
1506;3345
1511;3347
1510;3350
1517;3352
1518;3355
1506;3357
1497;3359
1505;3362
1524;3364
1535;3367
1525;3369
1513;3372
1508;3375
1504;3377
1498;3380
1499;3382
1503;3384
1510;3387
1514;3389
1529;3392
1541;3394
1538;3396
1531;3399
1513;3401
1497;3404
1493;3406
1496;3408
1511;3411
1519;3414
1521;3417
1508;3419
1492;3422
1480;3424
1486;3426
1505;3429
1518;3431
1519;3434
1512;3436
1505;3438
1513;3441
1528;3443
1548;3446
1553;3448
1555;3450
1564;3453
1552;3456
1527;3459
1496;3461
1477;3463
1480;3466
1491;3468
1505;3471
1513;3473
1508;3475
1491;3478
1477;3480
1470;3483
1486;3485
1519;3487
1532;3490
1523;3492
1509;3495
1502;3497
1495;3501
1482;3503
1485;3505
1501;3508
1510;3510
1506;3513
1492;3515
1481;3517
1475;3520
1480;3522
1499;3525
1526;3527
1536;3529
1523;3532
1513;3534
1507;3537
1500;3539
1490;3542
1489;3545
1498;3547
1503;3550
1513;3552
1520;3554
1515;3557
1494;3559
1474;3562
1470;3564
1486;3566
1504;3569
1511;3571
1507;3574
1501;3576
1494;3579
1486;3581
1482;3584
1505;3587
1529;3589
1530;3592
1513;3594
1506;3596
1501;3599
1498;3601
1489;3604
1487;3606
1496;3608
1501;3611
1507;3613
1505;3616
1511;3618
1509;3620
1497;3623
1494;3625
1505;3629
1513;3631
1517;3633
1520;3636
1512;3638
1505;3641
1496;3643
1501;3645
1499;3648
1495;3650
1496;3653
1502;3655
1513;3658
1521;3660
1517;3662
1507;3665
1523;3667
1529;3671
1519;3673
1504;3675
1488;3678
1507;3680
1525;3683
1523;3685
1510;3687
1502;3690
1503;3692
1506;3695
1497;3697
1491;3699
1494;3702
1516;3704
1530;3707
1523;3709
1507;3712
1499;3715
1483;3717
1476;3720
1487;3722
1499;3724
1508;3727
1509;3729
1514;3732
1521;3734
1520;3736
1509;3739
1491;3741
1482;3744
1482;3746
1488;3749
1495;3751
1506;3753
1511;3757
1495;3759
1477;3762
1467;3764
1473;3766
1484;3769
1500;3771
1510;3774
1513;3776
1505;3778
1485;3781
1471;3783
1472;3786
1482;3788
1492;3790
1499;3793
1494;3795
1478;3799
1475;3801
1470;3803
1479;3806
1490;3808
1493;3811
1491;3813
1483;3816
1481;3818
1483;3820
1479;3823
1477;3825
1484;3828
1493;3830
1501;3832
1497;3835
1477;3837
1462;3841
1456;3843
1476;3845
1495;3848
1514;3850
1513;3853
1497;3855
1501;3857
1515;3860
1515;3862
1494;3865
1486;3867
1482;3869
1482;3872
1481;3874
1473;3877
1466;3879
1464;3881
1472;3885
1484;3887
1491;3890
1498;3892
1515;3894
1510;3897
1487;3899
1463;3902
1457;3904
1469;3907
1477;3909
1482;3911
1489;3914
1499;3916
1495;3919
1484;3921
1477;3923
1486;3927
1492;3929
1503;3932
1515;3934
1515;3936
1495;3939
1474;3941
1460;3944
1465;3946
1481;3948
1491;3951
1497;3953
1490;3956
1474;3958
1464;3960
1454;3963
1463;3965
1478;3969
1496;3971
1507;3973
1499;3976
1477;3978
1474;3981
1480;3983
1491;3986
1495;3988
1493;3990
1503;3993
1503;3995
1486;3998
1469;4000
1466;4002
1486;4005
1514;4007
1514;4011
1501;4013
1490;4015
1477;4018
1466;4020
1461;4023
1472;4025
1489;4027
1502;4030
1501;4032
1512;4035
1510;4037
1492;4039
1478;4042
1478;4044
1490;4047
1492;4049
1487;4051
1486;4055
1482;4057
1471;4060
1460;4062
1459;4064
1475;4067
1493;4069
1514;4072
1531;4074
1521;4077
1491;4079
1468;4081
1456;4084
1464;4086
1483;4089
1492;4091
1494;4093
1488;4097
1475;4099
1465;4102
1460;4104
1475;4106
1492;4109
1500;4111
1503;4114
1498;4116
1493;4118
1489;4121
1481;4123
1489;4126
1500;4128
1501;4130
1498;4133
1495;4135
1488;4139
1481;4141
1475;4143
1497;4146
1516;4148
1508;4151
1498;4153
1492;4156
1479;4158
1468;4160
1459;4163
1456;4165
1471;4168
1487;4170
1507;4172
1517;4175
1512;4177
1512;4180
1506;4183
1504;4185
1497;4188
1490;4190
1492;4193
1499;4195
1493;4197
1483;4200
1472;4202
1470;4205
1498;4207
1513;4209
1525;4212
1532;4214
1521;4217
1514;4219
1525;4221
1527;4225
1513;4227
1501;4230
1497;4232
1486;4235
1469;4237
1458;4239
1493;4242
1558;4244
1590;4247
1565;4249
1558;4251
1588;4254
1663;4256
1661;4259
1603;4261
1529;4263
1494;4267
1481;4269
1481;4272
1476;4274
1464;4276
1453;4279
1446;4281
1439;4284
1440;4286
1447;4288
1453;4291
1464;4293
1473;4296
1469;4298
1467;4300
1474;4303
1496;4305
1513;4308
1498;4311
1482;4313
1475;4316
1478;4318
1473;4321
1463;4323
1459;4326
1469;4328
1490;4330
1531;4333
1545;4335
1511;4338
1471;4340
1445;4342
1440;4345
1447;4347
1453;4350
1455;4353
1456;4355
1453;4358
1449;4360
1444;4363
1450;4365
1459;4367
1463;4370
1463;4372
1462;4375
1475;4377
1495;4379
1519;4382
1526;4384
1515;4387
1491;4389
1472;4391
1467;4395
1464;4397
1466;4400
1471;4402
1481;4404
1495;4407
1493;4409
1488;4412
1497;4414
1486;4417
1461;4419
1442;4421
1435;4424
1444;4426
1457;4429
1465;4431
1468;4433
1462;4436
1453;4439
1469;4442
1482;4444
1485;4446
1487;4449
1495;4451
1492;4454
1479;4456
1469;4458
1467;4461
1462;4463
1468;4466
1482;4468
1484;4470
1485;4473
1493;4475
1483;4478
1468;4481
1450;4483
1448;4486
1460;4488
1469;4491
1476;4493
1482;4496
1473;4498
1467;4500
1483;4503
1520;4505
1529;4508
1506;4510
1511;4512
1537;4515
1530;4517
1488;4520
1459;4523
1469;4525
1536;4528
1581;4530
1572;4533
1539;4535
1513;4537
1481;4540
1456;4542
1453;4545
1511;4547
1538;4549
1532;4552
1495;4554
1469;4557
1452;4559
1439;4561
1437;4564
1447;4567
1453;4570
1458;4572
1475;4575
1495;4577
1499;4579
1483;4582
1476;4584
1510;4587
1523;4589
1505;4591
1495;4594
1474;4596
1450;4599
1442;4601
1474;4603
1533;4606
1550;4609
1516;4612
1492;4614
1486;4616
1484;4619
1473;4621
1455;4624
1448;4626
1455;4628
1467;4631
1496;4633
1495;4636
1473;4638
1453;4640
1438;4643
1438;4645
1450;4648
1463;4651
1471;4654
1466;4656
1466;4658
1486;4661
1489;4663
1482;4666
1485;4668
1507;4670
1532;4673
1527;4675
1496;4678
1467;4680
1454;4682
1466;4685
1483;4687
1487;4690
1480;4692
1478;4695
1492;4698
1509;4700
1501;4703
1472;4705
1466;4707
1467;4710
1479;4712
1498;4715
1497;4717
1480;4719
1478;4722
1484;4724
1491;4727
1501;4729
1520;4732
1541;4734
1541;4737
1539;4740
1539;4742
1545;4745
1575;4747
1601;4749
1603;4752
1600;4754
1602;4757
1578;4759
1542;4761
1492;4764
1473;4766
1478;4769
1493;4771
1493;4773
1473;4776
1454;4779
1441;4782
1434;4784
1438;4786
1451;4789
1458;4791
1478;4794
1482;4796
1467;4799
1461;4801
1454;4803
1454;4806
1462;4808
1489;4811
1511;4813
1499;4815
1471;4818
1471;4820
1481;4824
1480;4826
1480;4828
1494;4831
1514;4833
1508;4836
1473;4838
1447;4840
1439;4843
1448;4845
1487;4848
1503;4850
1495;4852
1473;4855
1454;4857
1450;4860
1443;4862
1438;4865
1440;4868
1446;4870
1461;4873
1473;4875
1476;4877
1483;4880
1473;4882
1464;4885
1486;4887
1515;4889
1536;4892
1536;4894
1504;4897
1467;4899
1444;4902
1436;4904
1458;4907
1478;4910
1477;4912
1467;4915
1451;4917
1443;4919
1440;4922
1439;4924
1448;4927
1477;4929
1495;4931
1497;4934
1484;4936
1469;4939
1478;4941
1479;4943
1482;4946
1489;4948
1492;4952
1496;4954
1499;4956
1493;4959
1475;4961
1455;4964
1444;4966
1446;4968
1452;4971
1466;4973
1473;4976
1463;4978
1472;4981
1479;4983
1486;4985
1480;4988
1474;4990
1493;4994
1512;4996
1500;4998
1476;5001
1459;5003
1456;5006
1462;5008
1467;5010
1474;5013
1486;5015
1490;5018
1485;5020
1473;5022
1484;5025
1496;5027
1498;5030
1511;5032
1517;5035
1499;5038
1476;5040
1466;5043
1466;5045
1471;5047
1470;5050
1469;5052
1470;5055
1480;5057
1510;5060
1518;5062
1499;5064
1483;5067
1477;5069
1480;5072
1486;5074
1490;5076
1486;5080
1480;5082
1481;5085
1492;5087
1500;5089
1503;5092
1529;5094
1544;5097
1536;5099
1511;5101
1479;5104
1470;5106
1475;5109
1476;5111
1477;5113
1477;5116
1475;5118
1475;5122
1472;5124
1477;5127
1486;5129
1490;5131
1496;5134
1498;5136
1486;5139
1476;5141
1472;5143
1492;5146
1524;5148
1539;5151
1525;5153
1503;5155
1484;5158
1474;5160
1465;5164
1464;5166
1472;5168
1479;5171
1494;5173
1501;5176
1488;5178
1472;5180
1467;5183
1471;5185
1483;5188
1492;5190
1501;5192
1505;5195
1497;5197
1493;5200
1501;5202
1503;5204
1504;5208
1498;5210
1494;5213
1495;5215
1491;5218
1485;5220
1490;5222
1499;5225
1502;5227
1496;5230
1494;5232
1501;5234
1501;5237
1495;5239
1494;5242
1496;5244
1508;5246
1517;5250
1510;5252
1503;5255
1487;5257
1472;5259
1468;5262
1471;5264
1492;5267
1511;5269
1511;5271
1502;5274
1488;5276
1480;5279
1478;5281
1473;5283
1476;5286
1489;5288
1503;5292
1515;5294
1512;5297
1490;5299
1482;5301
1488;5304
1494;5306
1493;5309
1488;5311
1488;5313
1493;5316
1508;5318
1509;5321
1502;5323
1489;5325
1489;5328
1494;5330
1523;5334
1536;5336
1513;5338
1485;5341
1465;5343
1462;5346
1471;5348
1477;5350
1481;5353
1486;5355
1491;5358
1493;5360
1486;5362
1481;5365
1491;5367
1504;5370
1504;5372
1500;5374
1496;5378
1500;5380
1501;5383
1497;5385
1491;5388
1489;5390
1500;5392
1510;5395
1514;5397
1502;5400
1482;5402
1476;5404
1521;5407
1571;5409
1568;5412
1542;5414
1504;5416
1478;5420
1461;5422
1452;5425
1463;5427
1486;5429
1503;5432
1525;5434
1526;5437
1509;5439
1488;5441
1493;5444
1513;5446
1523;5449
1520;5451
1514;5453
1505;5456
1511;5458
1513;5462
1506;5464
1502;5467
1520;5469
1545;5471
1544;5474
1521;5476
1493;5479
1475;5481
1469;5483
1471;5486
1486;5488
1496;5491
1502;5493
1494;5495
1482;5498
1478;5500
1488;5504
1500;5506
1511;5508
1509;5511
1508;5513
1517;5516
1515;5518
1504;5520
1496;5523
1499;5525
1507;5528
1504;5530
1504;5533
1510;5535
1504;5537
1491;5540
1476;5542
1470;5545
1484;5548
1499;5550
1506;5553
1514;5555
1512;5558
1500;5560
1483;5562
1477;5565
1491;5567
1516;5570
1538;5572
1541;5574
1523;5577
1495;5579
1477;5582
1483;5584
1505;5586
1510;5590
1499;5592
1487;5595
1475;5597
1465;5599
1460;5602
1456;5604
1463;5607
1482;5609
1492;5612
1497;5614
1492;5616
1481;5619
1481;5621
1498;5624
1521;5626
1535;5628
1541;5632
1535;5634
1514;5637
1479;5639
1462;5641
1457;5644
1465;5646
1476;5649
1477;5651
1482;5653
1479;5656
1473;5658
1465;5661
1465;5663
1472;5665
1490;5668
1496;5670
1504;5673
1511;5676
1495;5678
1473;5681
1474;5683
1492;5686
1505;5688
1499;5691
1488;5693
1483;5695
1474;5698
1458;5700
1450;5703
1474;5705
1501;5707
1506;5710
1492;5712
1483;5715
1470;5718
1459;5720
1458;5723
1463;5725
1467;5728
1465;5730
1466;5732
1472;5735
1487;5737
1503;5740
1516;5742
1512;5744
1504;5747
1495;5749
1489;5752
1491;5754
1490;5756
1478;5760
1468;5762
1455;5765
1459;5767
1481;5769
1511;5772
1531;5774
1529;5777
1511;5779
1483;5782
1458;5784
1455;5786
1465;5789
1480;5791
1493;5794
1491;5796
1473;5798
1456;5801
1450;5804
1466;5807
1489;5809
1502;5811
1505;5814
1497;5816
1479;5819
1467;5821
1464;5823
1469;5826
1491;5828
1501;5831
1503;5833
1493;5835
1483;5838
1481;5840
1487;5843
1493;5846
1497;5848
1489;5851
1478;5853
1469;5856
1459;5858
1450;5861
1445;5863
1450;5865
1471;5868
1486;5870
1501;5873
1515;5875
1507;5877
1486;5880
1468;5882
1471;5885
1495;5888
1521;5890
1531;5893
1521;5895
1497;5898
1481;5900
1471;5902
1465;5905
1472;5907
1489;5910
1499;5912
1495;5914
1487;5917
1471;5919
1460;5922
1454;5924
1464;5926
1494;5929
1518;5932
1519;5935
1501;5937
1488;5940
1471;5942
1468;5944
1490;5947
1505;5949
1500;5952
1504;5954
1516;5956
1499;5959
1473;5961
1459;5964
1457;5966
1472;5968
1481;5971
1482;5974
1475;5977
1465;5979
1465;5981
1474;5984
1477;5986
1486;5989
1498;5991
1524;5993
1535;5996
1512;5998
1481;6001
1460;6003
1460;6006
1468;6008
1478;6010
1493;6013
1496;6016
1484;6019
1472;6021
1464;6023
1466;6026
1486;6028
1499;6031
1496;6033
1491;6035
1490;6038
1489;6040
1479;6043
1470;6045
1476;6047
1490;6050
1503;6052
1504;6055
1489;6057
1480;6060
1490;6063
1490;6065
1490;6068
1493;6070
1496;6072
1494;6075
1484;6077
1468;6080
1458;6082
1459;6085
1473;6087
1489;6089
1498;6092
1502;6094
1492;6097
1474;6099
1465;6102
1465;6105
1475;6107
1491;6110
1498;6112
1501;6114
1498;6117
1490;6119
1481;6122
1470;6124
1467;6126
1476;6129
1485;6131
1512;6134
1526;6136
1506;6138
1483;6141
1476;6144
1487;6147
1506;6149
1503;6152
1502;6154
1500;6156
1488;6159
1476;6161
1462;6164
1461;6166
1472;6168
1482;6171
1489;6173
1489;6176
1477;6178
1472;6180
1468;6183
1468;6185
1476;6189
1486;6191
1497;6193
1528;6196
1536;6198
1518;6201
1483;6203
1473;6205
1489;6208
1496;6210
1490;6213
1480;6215
1466;6217
1469;6220
1482;6222
1501;6225
1519;6227
1515;6231
1499;6233
1490;6235
1478;6238
1465;6240
1452;6243
1448;6245
1457;6247
1463;6250
1470;6252
1483;6255
1502;6257
1502;6259
1496;6262
1488;6264
1489;6267
1489;6269
1488;6272
1505;6275
1527;6277
1521;6280
1492;6282
1464;6284
1461;6287
1469;6289
1474;6292
1475;6294
1477;6297
1469;6299
1454;6301
1447;6304
1466;6306
1482;6309
1486;6311
1486;6313
1492;6317
1505;6319
1504;6322
1479;6324
1470;6326
1485;6329
1495;6331
1502;6334
1493;6336
1473;6338
1462;6341
1474;6343
1486;6346
1486;6348
1477;6350
1474;6353
1478;6355
1482;6359
1479;6361
1468;6364
1458;6366
1461;6368
1475;6371
1499;6373
1509;6376
1495;6378
1481;6380
1494;6383
1503;6385
1504;6388
1491;6390
1488;6392
1503;6395
1501;6397
1485;6401
1470;6403
1465;6405
1493;6408
1527;6410
1529;6413
1516;6415
1497;6417
1478;6420
1461;6422
1452;6425
1457;6427
1478;6430
1494;6432
1495;6434
1483;6437
1465;6439
1454;6443
1453;6445
1468;6447
1491;6450
1494;6452
1496;6455
1501;6457
1497;6459
1502;6462
1502;6464
1499;6467
1502;6469
1515;6471
1518;6474
1505;6476
1489;6479
1482;6481
1478;6483
1472;6487
1474;6489
1478;6492
1499;6494
1523;6496
1510;6499
1478;6501
1454;6504
1448;6506
1455;6508
1462;6511
1472;6513
1490;6516
1497;6518
1489;6520
1471;6523
1488;6525
1523;6529
1530;6531
1508;6533
1495;6536
1502;6538
1502;6541
1487;6543
1470;6546
1468;6548
1471;6550
1478;6553
1482;6555
1477;6558
1459;6560
1444;6562
1437;6565
1447;6567
1465;6571
1480;6573
1498;6575
1499;6578
1501;6580
1496;6583
1483;6585
1478;6587
1488;6590
1501;6592
1505;6595
1488;6597
1466;6599
1456;6602
1461;6604
1479;6607
1501;6609
1506;6611
1504;6615
1489;6617
1472;6620
1479;6622
1497;6624
1502;6627
1496;6629
1504;6632
1511;6634
1510;6637
1494;6639
1469;6641
1462;6644
1473;6646
1503;6649
1557;6651
1592;6653
1591;6657
1558;6659
1520;6662
1486;6664
1464;6666
1460;6669
1464;6671
1501;6674
1534;6676
1558;6678
1568;6681
1554;6683
1527;6686
1504;6688
1485;6690
1477;6693
1466;6695
1451;6699
1436;6701
1428;6703
1430;6706
1478;6708
1525;6711
1556;6713
1550;6716
1524;6718
1482;6720
1451;6723
1437;6725
1442;6728
1461;6730
1487;6732
1493;6735
1477;6737
1466;6740
1460;6743
1458;6745
1475;6748
1507;6750
1527;6753
1526;6755
1504;6757
1494;6760
1505;6762
1506;6765
1486;6767
1468;6769
1458;6772
1457;6774
1451;6777
1442;6779
1435;6781
1431;6785
1436;6787
1450;6790
1459;6792
1470;6794
1484;6797
1493;6799
1495;6802
1496;6804
1498;6807
1495;6809
1480;6811
1479;6814
1482;6816
1484;6819
1471;6821
1492;6823
1509;6827
1512;6829
1499;6832
1488;6834
1493;6836
1492;6839
1534;6841
1565;6844
1551;6846
1519;6848
1489;6851
1480;6853
1499;6856
1509;6858
1488;6860
1470;6863
1465;6865
1473;6868
1473;6871
1472;6873
1473;6876
1482;6878
1508;6881
1528;6883
1515;6886
1487;6888
1468;6890
1468;6893
1476;6895
1476;6898
1463;6900
1449;6902
1434;6905
1436;6907
1446;6910
1453;6913
1461;6915
1479;6918
1495;6920
1499;6923
1476;6925
1468;6927
1487;6930
1516;6932
1529;6935
1508;6937
1476;6939
1469;6942
1465;6944
1459;6947
1460;6949
1462;6951
1473;6955
1473;6957
1470;6960
1473;6962
1468;6965
1464;6967
1480;6969
1504;6972
1517;6974
1507;6977
1476;6979
1455;6981
1450;6984
1460;6986
1477;6989
1532;6991
1556;6993
1536;6996
1496;6999
1473;7002
1467;7004
1484;7006
1504;7009
1507;7011
1501;7014
1488;7016
1471;7018
1457;7021
1449;7023
1451;7026
1468;7028
1483;7030
1486;7033
1484;7035
1480;7038
1475;7041
1469;7044
1467;7046
1496;7048
1536;7051
1562;7053
1547;7056
1525;7058
1494;7060
1468;7063
1453;7065
1473;7068
1495;7070
1505;7072
1508;7075
1503;7077
1485;7080
1473;7083
1462;7085
1475;7088
1496;7090
1502;7093
1500;7095
1488;7097
1469;7100
1465;7102
1470;7105
1487;7107
1501;7109
1501;7112
1498;7114
1509;7117
1525;7119
1521;7122
1497;7124
1483;7127
1486;7130
1505;7132
1512;7135
1502;7137
1480;7139
1463;7142
1451;7144
1454;7147
1465;7149
1468;7151
1476;7154
1484;7156
1499;7159
1511;7161
1510;7163
1501;7166
1501;7169
1493;7172
1488;7174
1505;7177
1514;7179
1500;7181
1479;7184
1472;7186
1480;7189
1488;7191
1498;7193
1493;7196
1480;7198
1461;7201
1448;7203
1447;7205
1468;7208
1507;7211
1534;7214
1542;7216
1525;7218
1506;7221
1479;7223
1463;7226
1467;7228
1482;7230
1494;7233
1503;7235
1495;7238
1481;7240
1473;7243
1473;7245
1499;7247
1518;7250
1518;7252
1509;7256
1501;7258
1488;7260
1475;7263
1469;7265
1472;7268
1481;7270
1484;7272
1487;7275
1486;7277
1486;7280
1489;7282
1485;7284
1482;7287
1488;7289
1498;7292
1522;7294
1536;7297
1523;7300
1500;7302
1485;7305
1484;7307
1491;7309
1492;7312
1494;7314
1488;7317
1492;7319
1503;7321
1499;7324
1481;7326
1483;7329
1485;7331
1489;7334
1500;7336
1500;7339
1491;7342
1477;7344
1492;7347
1548;7349
1565;7351
1545;7354
1515;7356
1512;7359
1504;7361
1487;7363
1475;7366
1493;7368
1520;7371
1525;7373
1503;7375
1477;7378
1466;7380
1456;7384
1449;7386
1458;7388
1479;7391
1502;7393
1519;7396
1523;7398
1504;7401
1492;7403
1471;7405
1470;7408
1494;7410
1526;7413
1529;7415
1505;7417
1474;7420
1455;7422
1449;7426
1462;7428
1487;7430
1499;7433
1500;7435
1490;7438
1479;7440
1486;7442
1495;7445
1500;7447
1498;7450
1495;7452
1506;7454
1524;7457
1524;7459
1500;7462
1475;7464
1486;7467
1502;7470
1498;7472
1491;7475
1483;7477
1475;7480
1476;7482
1488;7484
1499;7487
1504;7489
1495;7492
1492;7494
1501;7496
1502;7499
1495;7501
1498;7504
1500;7506
1497;7508
1491;7512
1492;7514
1496;7517
1499;7519
1512;7521
1537;7524
1542;7526
1529;7529
1513;7531
1520;7534
1551;7536
1562;7538
1538;7541
1523;7543
1509;7546
1506;7548
1495;7550
1487;7554
1483;7556
1483;7559
1500;7561
1503;7563
1497;7566
1505;7568
1529;7571
1537;7573
1528;7575
1511;7578
1499;7580
1494;7583
1502;7585
1511;7587
1516;7590
1519;7592
1525;7596
1513;7598
1489;7601
1473;7603
1468;7605
1489;7608
1507;7610
1501;7613
1487;7615
1476;7617
1467;7620
1479;7622
1481;7625
1484;7627
1497;7629
1517;7632
1534;7634
1544;7638
1524;7640
1500;7642
1478;7645
1477;7647
1496;7650
1512;7652
1512;7654
1497;7657
1488;7659
1480;7662
1467;7664
1463;7667
1475;7669
1484;7671
1489;7674
1489;7676
1481;7680
1476;7682
1478;7684
1491;7687
1508;7689
1511;7692
1519;7694
1525;7696
1521;7699
1515;7701
1506;7704
1506;7706
1528;7708
1545;7711
1541;7713
1516;7716
1492;7718
1473;7720
1462;7724
1461;7726
1468;7729
1479;7731
1486;7733
1506;7736
1517;7738
1510;7741
1490;7743
1473;7746
1478;7748
1484;7750
1489;7753
1493;7755
1491;7758
1488;7760
1492;7762
1488;7766
1498;7768
1520;7771
1525;7773
1518;7775
1501;7778
1492;7780
1491;7783
1487;7785
1494;7787
1502;7790
1500;7792
1506;7795
1510;7797
1506;7799
1506;7802
1498;7804
1492;7808
1490;7810
1493;7812
1498;7815
1506;7817
1504;7820
1500;7822
1497;7825
1495;7827
1494;7829
1492;7832
1493;7834
1494;7837
1492;7839
1491;7841
1496;7844
1499;7846
1504;7849
1513;7852
1519;7854
1515;7857
1502;7859
1501;7862
1520;7864
1544;7866
1561;7869
1537;7871
1510;7874
1496;7876
1481;7878
1469;7881
1470;7883
1478;7886
1485;7888
1490;7891
1490;7894
1492;7896
1486;7899
1480;7901
1494;7904
1512;7906
1515;7908
1504;7911
1502;7913
1512;7916
1508;7918
1485;7920
1466;7923
1463;7925
1483;7928
1520;7930
1537;7932
1533;7936
1507;7938
1484;7941
1470;7943
1463;7945
1483;7948
1509;7950
1514;7953
1508;7955
1503;7957
1494;7960
1485;7962
1476;7965
1474;7967
1481;7970
1496;7972
1518;7974
1526;7977
1514;7980
1511;7983
1507;7985
1503;7987
1499;7990
1494;7992
1490;7995
1491;7997
1485;7999
1483;8002
1479;8004
1476;8007
1482;8009
1487;8011
1503;8014
1524;8016
1524;8019
1503;8022
1505;8024
1509;8027
1508;8029
1498;8032
1492;8034
1494;8037
1494;8039
1500;8041
1500;8044
1488;8046
1481;8049
1484;8051
1494;8053
1532;8056
1540;8058
1515;8061
1480;8064
1465;8066
1471;8069
1478;8071
1485;8074
1499;8076
1506;8078
1511;8081
1512;8083
1507;8086
1497;8088
1490;8090
1483;8093
1484;8095
1484;8098
1478;8100
1480;8102
1487;8105
1499;8108
1502;8111
1501;8113
1511;8115
1510;8118
1492;8120
1475;8123
1465;8125
1483;8128
1531;8130
1563;8132
1557;8135
1523;8137
1498;8140
1487;8142
1480;8144
1477;8147
1481;8150
1499;8153
1511;8155
1507;8157
1485;8160
1472;8162
1467;8165
1476;8167
1504;8169
1515;8172
1505;8174
1491;8177
1480;8179
1494;8181
1513;8184
1517;8186
1508;8189
1493;8192
1504;8194
1514;8197
1503;8199
1482;8202
1467;8204
1466;8207
1476;8209
1490;8211
1500;8214
1501;8216
1494;8219
1482;8221
1475;8223
1470;8226
1481;8228
1488;8231
1507;8233
1529;8236
1530;8239
1508;8241
1494;8244
1482;8246
1480;8248
1483;8251
1491;8253
1499;8256
1498;8258
1489;8260
1488;8263
1487;8265
1497;8268
1509;8270
1516;8272
1515;8275
1504;8278
1495;8281
1502;8283
1500;8286
1500;8288
1514;8290
1522;8293
1528;8295
1520;8298
1501;8300
1488;8302
1476;8305
1486;8307
1503;8310
1510;8312
1521;8314
1535;8317
1529;8320
1504;8323
1486;8325
1476;8327
1479;8330
1483;8332
1504;8335
1513;8337
1499;8339
1480;8342
1470;8344
1470;8347
1481;8349
1491;8352
1503;8354
1502;8356
1494;8359
1492;8361
1491;8365
1489;8367
1501;8369
1533;8372
1547;8374
1539;8377
1513;8379
1494;8381
1483;8384
1477;8386
1495;8389
1509;8391
1516;8393
1522;8396
1518;8398
1503;8401
1491;8403
1488;8406
1501;8409
1508;8411
1512;8414
1530;8416
1539;8418
1520;8421
1493;8423
1473;8426
1478;8428
1488;8431
1497;8433
1501;8435
1496;8438
1484;8440
1482;8443
1483;8445
1490;8448
1492;8451
1495;8453
1504;8456
1512;8458
1516;8460
1515;8463
1504;8465
1498;8468
1502;8470
1504;8472
1513;8475
1514;8477
1499;8480
1491;8482
1488;8484
1500;8487
1513;8489
1513;8493
1506;8495
1498;8497
1492;8500
1488;8502
1482;8505
1479;8507
1489;8510
1500;8512
1517;8514
1523;8517
1506;8519
1481;8522
1473;8524
1488;8526
1512;8529
1526;8531
1523;8535
1511;8537
1495;8539
1497;8542
1507;8544
1506;8547
1499;8549
1499;8551
1505;8554
1508;8556
1496;8559
1496;8561
1510;8563
1526;8566
1539;8568
1548;8571
1538;8573
1524;8576
1505;8579
1489;8581
1478;8584
1466;8586
1475;8589
1505;8591
1563;8593
1586;8596
1553;8598
1520;8601
1496;8603
1500;8605
1507;8608
1514;8610
1514;8613
1514;8615
1514;8617
1510;8621
1507;8623
1509;8626
1529;8628
1540;8630
1530;8633
1510;8635
1492;8638
1480;8640
1464;8643
1451;8645
1451;8647
1481;8650
1507;8652
1513;8655
1493;8657
1467;8659
1454;8663
1447;8665
1459;8668
1475;8670
1508;8672
1536;8675
1540;8677
1506;8680
1478;8682
1460;8684
1454;8687
1464;8689
1477;8692
1495;8694
1504;8696
1502;8699
1504;8701
1498;8705
1509;8707
1529;8709
1520;8712
1505;8714
1489;8717
1473;8719
1460;8722
1465;8724
1476;8726
1483;8729
1481;8731
1479;8734
1482;8736
1481;8738
1469;8741
1462;8743
1456;8747
1466;8749
1479;8751
1491;8754
1521;8756
1530;8759
1519;8761
1498;8763
1488;8766
1493;8768
1501;8771
1498;8773
1488;8775
1477;8778
1473;8780
1505;8783
1530;8785
1523;8787
1503;8791
1488;8793
1484;8796
1474;8798
1458;8801
1446;8803
1444;8805
1453;8808
1471;8810
1491;8813
1507;8815
1498;8817
1474;8820
1458;8822
1455;8825
1460;8827
1471;8829
1503;8833
1523;8835
1516;8838
1490;8840
1469;8842
1454;8845
1452;8847
1465;8850
1475;8852
1494;8854
1502;8857
1487;8859
1467;8862
1465;8864
1496;8866
1518;8869
1515;8871
1501;8875
1491;8877
1489;8880
1479;8882
1468;8884
1467;8887
1478;8889
1483;8892
1485;8894
1491;8896
1497;8899
1494;8901
1484;8904
1474;8906
1486;8908
1494;8911
1490;8913
1496;8916
1498;8919
1489;8921
1474;8924
1466;8926
1481;8929
1493;8931
1499;8933
1505;8936
1503;8938
1486;8941
1472;8943
1456;8945
1457;8948
1473;8950
1487;8953
1495;8955
1488;8958
1469;8961
1457;8963
1455;8966
1471;8968
1498;8971
1511;8973
1522;8975
1521;8978
1503;8980
1478;8983
1477;8985
1491;8987
1498;8990
1495;8992
1501;8995
1505;8997
1508;8999
1505;9003
1493;9005
1479;9008
1480;9010
1480;9012
1479;9015
1479;9017
1479;9020
1476;9022
1468;9024
1464;9027
1478;9029
1494;9032
1500;9034
1508;9037
1503;9039
1487;9041
1466;9044
1461;9047
1480;9050
1510;9052
1519;9054
1512;9057
1495;9059
1480;9062
1468;9064
1464;9066
1479;9069
1498;9071
1508;9074
1511;9076
1513;9078
1506;9081
1492;9083
1474;9086
1472;9089
1477;9091
1477;9094
1480;9096
1479;9099
1480;9101
1484;9104
1482;9106
1477;9108
1480;9111
1483;9113
1487;9116
1483;9118
1474;9120
1484;9123
1490;9125
1494;9128
1497;9131
1504;9133
1519;9136
1520;9138
1498;9141
1474;9143
1459;9145
1466;9148
1484;9150
1505;9153
1510;9155
1498;9157
1477;9160
1463;9162
1462;9165
1472;9167
1483;9170
1483;9172
1482;9175
1480;9178
1480;9180
1493;9183
1504;9185
1503;9187
1505;9190
1504;9192
1505;9195
1503;9197
1491;9199
1479;9202
1471;9204
1471;9207
1486;9209
1517;9211
1533;9214
1524;9217
1513;9220
1495;9222
1479;9224
1468;9227
1475;9229
1479;9232
1480;9234
1488;9237
1491;9239
1484;9241
1479;9244
1475;9246
1486;9249
1498;9251
1501;9253
1497;9256
1487;9259
1483;9262
1493;9264
1500;9266
1508;9269
1509;9271
1496;9274
1491;9276
1481;9278
1473;9281
1484;9283
1516;9286
1533;9288
1529;9290
1510;9293
1503;9295
1495;9298
1482;9300
1479;9304
1476;9306
1478;9308
1493;9311
1503;9313
1511;9316
1512;9318
1501;9320
1494;9323
1499;9325
1503;9328
1497;9330
1491;9332
1491;9335
1494;9337
1495;9340
1495;9342
1489;9345
1491;9348
1516;9350
1527;9353
1524;9355
1521;9357
1512;9360
1492;9362
1473;9365
1465;9367
1475;9370
1486;9372
1494;9374
1509;9377
1513;9379
1506;9382
1483;9384
1471;9387
1477;9390
1487;9392
1495;9395
1499;9397
1501;9399
1532;9402
1544;9404
1532;9407
1506;9409
1492;9411
1489;9414
1491;9416
1488;9419
1479;9421
1470;9423
1474;9426
1489;9428
1510;9432
1515;9434
1511;9437
1496;9439
1486;9441
1497;9444
1502;9446
1501;9449
1500;9451
1498;9453
1497;9456
1493;9458
1494;9461
1493;9463
1485;9465
1489;9468
1506;9470
1515;9474
1513;9476
1512;9478
1518;9481
1521;9483
1508;9486
1496;9488
1501;9490
1502;9493
1515;9495
1523;9498
1515;9500
1490;9503
1469;9505
1467;9507
1478;9510
1491;9512
1505;9516
1511;9518
1493;9520
1479;9523
1474;9525
1485;9528
1506;9530
1506;9532
1498;9535
1499;9537
1504;9540
1505;9542
1498;9544
1485;9547
1489;9549
1495;9552
1499;9554
1498;9556
1497;9560
1505;9562
1505;9565
1496;9567
1496;9570
1507;9572
1510;9574
1503;9577
1486;9579
1474;9582
1468;9584
1465;9586
1483;9589
1498;9591
1513;9594
1524;9596
1518;9598
1498;9602
1476;9604
1464;9607
1467;9609
1477;9611
1483;9614
1499;9616
1511;9619
1514;9621
1505;9623
1482;9626
1475;9628
1482;9631
1490;9633
1499;9635
1501;9638
1495;9640
1485;9644
1472;9646
1478;9649
1497;9651
1507;9653
1521;9656
1517;9658
1500;9661
1475;9663
1461;9665
1463;9668
1482;9670
1510;9673
1520;9675
1505;9677
1478;9680
1465;9682
1455;9686
1459;9688
1475;9690
1485;9693
1497;9695
1522;9698
1527;9700
1510;9702
1486;9705
1478;9707
1486;9710
1491;9712
1488;9714
1484;9717
1475;9719
1468;9722
1464;9724
1471;9728
1487;9730
1518;9732
1525;9735
1516;9737
1500;9740
1486;9742
1474;9744
1469;9747
1480;9749
1492;9752
1501;9754
1503;9756
1495;9759
1483;9761
1474;9764
1468;9766
1472;9768
1481;9772
1491;9774
1506;9777
1513;9779
1503;9781
1499;9784
1502;9786
1511;9789
1508;9791
1500;9793
1506;9796
1504;9798
1491;9801
1484;9803
1479;9806
1481;9808
1497;9810
1511;9814
1522;9816
1508;9819
1490;9821
1474;9823
1472;9826
1490;9828
1510;9831
1507;9833
1496;9835
1482;9838
1474;9840
1477;9843
1483;9845
1487;9847
1489;9850
1489;9852
1492;9856
1496;9858
1489;9860
1479;9863
1477;9865
1487;9868
1510;9870
1527;9873
1526;9875
1519;9877
1505;9880
1496;9882
1489;9885
1485;9887
1489;9889
1492;9892
1488;9894
1482;9897
1471;9900
1461;9902
1459;9905
1466;9907
1484;9910
1499;9912
1508;9914
1514;9917
1520;9919
1520;9922
1515;9924
1501;9926
1499;9929
1500;9931
1500;9934
1499;9936
1494;9938
1483;9942
1475;9944
1472;9947
1486;9949
1504;9952
1512;9954
1511;9956
1500;9959
1478;9961
1476;9964
1481;9966
1490;9968
1493;9971
1490;9973
1496;9976
1495;9978
1492;9980
1491;9984
1486;9986
1491;9989
1530;9991
1551;9993
1541;9996
1508;9998
1482;10001
1469;10003
1468;10006
1488;10008
1505;10010
1502;10013
1499;10015
1498;10018
1489;10020
1481;10023
1470;10025
1465;10029
1469;10031
1476;10034
1484;10036
1488;10039
1481;10041
1482;10043
1483;10046
1486;10048
1492;10051
1494;10053
1507;10056
1514;10058
1505;10061
1491;10063
1480;10066
1483;10068
1488;10071
1501;10074
1511;10076
1507;10079
1489;10081
1480;10084
1474;10086
1481;10089
1492;10091
1496;10094
1497;10096
1503;10098
1517;10101
1518;10103
1497;10106
1486;10108
1490;10112
1502;10114
1519;10117
1517;10119
1495;10122
1476;10124
1465;10127
1476;10129
1490;10131
1492;10134
1489;10136
1483;10139
1475;10141
1477;10144
1484;10146
1497;10149
1505;10151
1503;10155
1509;10157
1521;10159
1515;10162
1493;10164
1472;10167
1468;10169
1483;10172
1498;10174
1504;10177
1491;10179
1472;10182
1460;10184
1462;10186
1485;10189
1508;10191
1520;10194
1530;10196
1520;10200
1499;10202
1477;10205
1469;10207
1476;10210
1490;10212
1502;10214
1513;10217
1517;10219
1516;10222
1504;10224
1480;10227
1477;10229
1483;10232
1487;10234
1496;10237
1505;10240
1503;10243
1485;10245
1475;10247
1489;10250
1504;10252
1506;10255
1498;10257
1481;10260
1469;10262
1465;10265
1466;10267
1480;10270
1498;10272
1527;10274
1551;10277
1561;10279
1546;10283
1513;10285
1492;10288
1492;10290
1494;10293
1495;10295
1495;10298
1485;10300
1473;10302
1464;10305
1462;10307
1469;10310
1482;10312
1496;10315
1501;10317
1491;10320
1477;10322
1478;10326
1488;10328
1499;10331
1502;10333
1504;10335
1516;10338
1516;10340
1503;10343
1478;10345
1464;10348
1467;10350
1474;10353
1482;10355
1483;10358
1475;10360
1475;10362
1477;10365
1482;10368
1492;10371
1493;10373
1500;10376
1504;10378
1494;10381
1485;10383
1485;10386
1492;10388
1498;10390
1502;10393
1508;10395
1506;10398
1498;10400
1495;10403
1488;10405
1484;10408
1485;10411
1485;10414
1489;10416
1493;10419
1486;10421
1474;10423
1461;10426
1459;10428
1475;10431
1505;10433
1533;10436
1531;10438
1508;10441
1503;10443
1499;10446
1489;10448
1485;10450
1488;10454
1489;10456
1485;10459
1478;10461
1471;10464
1460;10466
1463;10469
1473;10471
1479;10474
1482;10476
1485;10478
1486;10481
1480;10483
1466;10486
1463;10488
1469;10491
1477;10493
1498;10497
1504;10499
1498;10502
1483;10504
1473;10506
1481;10509
1503;10511
1517;10514
1509;10516
1487;10519
1463;10521
1447;10524
1445;10526
1462;10529
1478;10531
1483;10534
1481;10536
1470;10539
1460;10542
1454;10544
1455;10547
1462;10549
1470;10552
1473;10554
1480;10557
1479;10559
1469;10562
1455;10564
1450;10566
1465;10569
1474;10571
